{"cameraMode":{"drawMode":0,"name":"Shaded","section":"Shading Mode"},"sceneLighting":true,"audioPlay":false,"sceneViewState":{"showFog":true,"showMaterialUpdate":false,"showSkybox":true,"showFlares":true,"showImageEffects":true,"showParticleSystems":true},"in2DMode":false,"pivot":{"x":-0.9668706655502319,"y":2.0916337966918947,"z":-2.8495965003967287},"rotation":{"x":0.004038999322801828,"y":0.9958845973014832,"z":0.0574285089969635,"w":-0.07002971321344376},"size":3.2165355682373049,"orthographic":false}